"category","term","number_of_genes","number_of_genes_in_background","ncbiTaxonId","inputGenes","preferredNames","p_value","fdr","description"
"KEGG","hsa03030",8,36,9606,"9606.ENSP00000216122,9606.ENSP00000262105,9606.ENSP00000264156,9606.ENSP00000265056,9606.ENSP00000305480,9606.ENSP00000307288,9606.ENSP00000472445,9606.ENSP00000480987","MCM5,MCM4,MCM6,MCM2,FEN1,MCM7,POLD1,MCM3",1.09e-08,3.66e-06,"DNA replication"
"KEGG","hsa04142",9,125,9606,"9606.ENSP00000220166,9606.ENSP00000236671,9606.ENSP00000261416,9606.ENSP00000306920,9606.ENSP00000337354,9606.ENSP00000345344,9606.ENSP00000361562,9606.ENSP00000363603,9606.ENSP00000395473","CTSH,CTSD,HEXB,GLB1,LIPA,CTSL,CTSA,FUCA1,MAN2B1",7.97e-06,0.0013,"Lysosome"
"KEGG","hsa00511",4,18,9606,"9606.ENSP00000261416,9606.ENSP00000306920,9606.ENSP00000363603,9606.ENSP00000395473","HEXB,GLB1,FUCA1,MAN2B1",6.05e-05,0.0068,"Other glycan degradation"
"KEGG","hsa03008",6,77,9606,"9606.ENSP00000354040,9606.ENSP00000355541,9606.ENSP00000363642,9606.ENSP00000377944,9606.ENSP00000395772,9606.ENSP00000423067","GTPBP4,HEATR1,BMS1,UTP14A,GNL3,WDR36",0.00018,0.0151,"Ribosome biogenesis in eukaryotes"
"KEGG","hsa03410",4,33,9606,"9606.ENSP00000305480,9606.ENSP00000355759,9606.ENSP00000371419,9606.ENSP00000472445","FEN1,PARP1,PARP4,POLD1",0.00049,0.0327,"Base excision repair"
"KEGG","hsa00010",5,64,9606,"9606.ENSP00000319814,9606.ENSP00000324105,9606.ENSP00000366927,9606.ENSP00000371393,9606.ENSP00000445175","PCK1,ENO3,ALDH1B1,PGM2,LDHA",0.00062,0.0348,"Glycolysis / Gluconeogenesis"
"KEGG","hsa00260",4,38,9606,"9606.ENSP00000274353,9606.ENSP00000317721,9606.ENSP00000367309,9606.ENSP00000370737","BHMT,PIPOX,MAOB,GLDC",0.00079,0.038,"Glycine, serine and threonine metabolism"
"KEGG","hsa05205",8,194,9606,"9606.ENSP00000261023,9606.ENSP00000262995,9606.ENSP00000268182,9606.ENSP00000327145,9606.ENSP00000345344,9606.ENSP00000358866,9606.ENSP00000398632,9606.ENSP00000452786","ITGAV,GAB1,IQGAP1,FLNC,CTSL,FLNA,CD44,ITGB3",0.00096,0.0405,"Proteoglycans in cancer"
